SITE_+/-7_AA,Log2Fold-Change
SRSGEDEsQEDVLMD,2.617689667
QEAREVNsQEEEEEE,4.383139333
KLFDVCGsQDFESDL,3.119948
ESEKQQDsQPEEVMD,2.178596333
QDGEVQLsQNDDKTK,0.7679639
PSGGRGLsQEGTGPP,3.074717333
SQLEEHLsQLQDNPP,6.142924
GGSSETSsQVLENHT,2.250017667
NSALPTSsQDEELME,2.226551667
EPVEQDSsQPSLPLV,2.759131
GDHLHNDsQIEADFR,0.675040867
TNEKGTDsQAMEEEK,4.063220333
AAEPGAGsQHLEVRD,2.542860333
QETKDSGsQEVLSEL,4.246291667
NLLHFPSsQGEEEKE,1.283129333
QDAEPAGsQETKDSG,2.496671333
AAKLSEGsQPAEEEE,1.844193667
SELIDELsEDFDRSE,2.591647667
LKESEQEsEEEILAQ,0.5060334
______MsQGDSNPA,3.283413
EIESEIDsEEELINK,3.18103
LQNRNYPsQEELIKV,1.425323667
DKLPLQEsEEEEREE,0.7166825
PPLEREDsGTFSLGK,1.0852992
FGFVDFNsEEDAKAA,1.085876667
PGTALVGsQKEPSEV,1.862205333
TTPGPSLsQGVSVDE,4.172623
ESPLKSKsQEEPKDT,1.237584
KLDDDSDsPSFFEEK,1.334442
LAPEALPsQGEVERE,1.506294
EQIIGENsPPDYSEY,0.736293933
RNSPAFLsTDLGDED,0.918549267
DLIPYQDsPEGPDHS,0.625371433
ADPLPTPsQEKSQTE,1.8708135
PMDTSVLsEEGGEPF,2.534551667
RPRMDIEtNDTFSDE,0.859286567
HQLESSLsPVEVFAK,0.5302486