Kinase,count,kinase_uniprot,kinase_paper
EPHA3,2101,P29320,EPHA3
FES,2007,P07332,FES
TRKC,1926,Q16288,NTRK3
SRC,1896,P12931,SRC
EPHA8,1877,P29322,EPHA8
ALK,1875,Q9UM73,ALK
FLT3,1815,P36888,FLT3
EPHB2,1768,P29323,EPHB2
RET,1735,P07949,RET
EPHB1,1722,P54762,EPHB1
MUSK,1709,O15146,MUSK
EPHB3,1697,P54753,EPHB3
LYNb,1694,P07948-2,
FER,1648,P16591,FER
INSR,1646,P06213,INSR
EPHB4,1640,P54760,EPHB4
TRKA,1618,P04629,NTRK1
ABL1,1576,P00519,ABL1
FYN,1560,P06241,FYN
ROS,1543,P08922,ROS1
TYRO3,1533,Q06418,TYRO3
TNK1,1510,Q13470,TNK1
YES,1470,P07947,YES1
MET,1457,P08581,MET
BMX,1454,P51813,BMX
SYK,1452,P43405,SYK
FLT4,1451,P35916,FLT4
LTK,1404,P29376,LTK
FRK,1381,P42685,FRK
EPHA5,1336,P54756,EPHA5
RON,1334,Q04912,MST1R
FGFR2,1324,P21802,FGFR2
ABL1[T315I],1320,,
FGFR1,1316,P11362,FGFR1
TIE2,1314,Q02763,TEK
FGR,1278,P09769,FGR
ABL1[E255K],1274,,
JAK3,1261,P52333,JAK3
SRM,1257,Q9H3Y6,SRMS
TEC,1245,P42680,TEC
LCK,1227,P06239,LCK
RET[M918T],1221,,
FGFR3[K650M],1220,,
EPHA1,1200,P21709,EPHA1
PDGFRa,1194,P16234,PDGFRA
EPHA2,1193,P29317,EPHA2
IKKb,1192,O14920,IKKB
PDGFRa[V561D],1175,,
IRR,1174,P14616,INSRR
RET[G691S],1162,,
LYNa,1145,P07948,LYN
IGF1R,1135,P08069,IGF1R
BTK,1130,Q06187,BTK
AXL,1129,P30530,AXL
EphA7,1119,Q15375,EPHA7
ALK[F1174L],1111,,
EGFR[T790M/L858R],1110,,
ErbB4,1102,Q15303,ERBB4
MER,1087,Q12866,MERTK
EGFR[T790M],1085,,
BLK,1085,P51451,BLK
ALK[R1275Q],1043,,
BRK,1041,Q13882,PTK6
HCK,1022,P08631,HCK
JAK2,1009,O60674,JAK2
MLK1,1008,P80192,MLK1
ABL2,1003,P42684,ABL2
EPHA6,985,Q9UF33,EPHA6
EGFR[L861Q],981,,
KDR,972,P35968,KDR
PDGFRb,969,P09619,PDGFRB
NEK6,924,Q9HC98,NEK6
PYK2,897,Q14289,PTK2B
TTBK1,883,Q5TCY1,TTBK1
MST3,878,Q9Y6E0,MST3
RET[S891A],876,,
p38d,872,O15264,P38D
HGK,872,O95819,HGK
TRKB,871,Q16620,NTRK2
FMS,868,P07333,CSF1R
DDR2,861,Q16832,DDR2
RET[Y791F],860,,
MINK,857,Q8N4C8,MINK
DYRK2,856,Q92630,DYRK2
NEK7,854,Q8TDX7,NEK7
TXK,842,P42681,TXK
MST2,838,Q13188,MST2
MST1,835,Q13043,MST1
IKKe,829,Q14164,IKKE
FGFR3[K650E],827,,
NEK2,820,P51955,NEK2
NEK1,809,Q96PY6,NEK1
MST4,801,Q9P289,MST4
EGFR,796,P00533,EGFR
JNK1,795,P45983,JNK1
ZAP70,790,P43403,ZAP70
QIK,789,Q9H0K1,QIK
KHS1,787,Q9Y4K4,KHS1
KIT,786,P10721,KIT
FGFR3,775,P22607,FGFR3
YSK1,773,O00506,YSK1
RSK3,767,Q15349,RSK3
p38g,766,P53778,P38G
NEK4,762,P51957,NEK4
TNIK,750,Q9UKE5,TNIK
Erk2,749,P28482,ERK2
ITK,738,Q08881,ITK
MAPKAPK3,725,Q16644,MAPKAPK3
TAO2,718,Q9UL54,TAO2
NIM1,711,Q8IY84,NIM1
p38a,708,Q16539,P38A
FGFR4,701,P22455,FGFR4
PAK3,685,O75914,PAK3
MLK3,679,Q16584,MLK3
FLT1,679,P17948,FLT1
KIT[T670I],674,,
EPHA4,673,P54764,EPHA4
AurC,664,Q9UQB9,AURC
CK1d,660,P48730,CK1D
PKACa,651,P17612,PKACA
EGFR[L858R],648,,
MARK4,647,Q96L34,MARK4
CaMK2g,643,Q13555,CAMK2G
Erk1,627,P27361,ERK1
ZAK,625,Q9NYL2,ZAK
MSK1,623,O75582,MSK1
NEK9,619,Q8TD19,NEK9
PLK3,607,Q9H4B4,PLK3
PIM1,601,P11309,PIM1
SGK3,596,Q96BR1,SGK3
PLK1,594,P53350,PLK1
GCK,593,Q12851,GCK
CHK1,585,O14757,CHK1
MLK2,584,Q02779,MLK2
MAP3K1,582,Q13233,MEKK1
PHKG2,571,P15735,PHKG2
MARK2,567,Q7KZI7,MARK2
DYRK3,566,O43781,DYRK3
TSSK1,560,Q9BXA7,TSSK1
CDK5/p25,555,Q00535,CDK5
CaMK2d,550,Q13557,CAMK2D
PIM3,546,Q86V86,PIM3
p70S6K,545,P23443,P70S6K
TLK1,543,Q9UKI8,TLK1
PAK2,539,Q13177,PAK2
LIMK1,537,P53667,LIMK1
AurA,536,O14965,AURA
Erk5,526,Q13164,ERK5
DCLK2,522,Q8N568,DCAMKL2
SIK,522,P57059,SIK
p38b,522,Q15759,P38B
MAPKAPK5,521,Q8IW41,MAPKAPK5
CDC2/CycB1,518,P06493,CDK1
NLK,515,Q9UBE8,NLK
MET[Y1235D],511,,
CTK,511,P42679,MATK
IKKa,509,O15111,IKKA
TAK1,508,O43318,TAK1
PAK1,501,Q13153,PAK1
AurB,488,Q96GD4,AURB
CaMK2a,486,Q9UQM7,CAMK2A
RSK1,477,Q15418,P90RSK
CK2a2,470,P19784,CK2A2
TBK1,469,Q9UHD2,TBK1
JNK2,464,P45984,JNK2
ALK4,461,P36896,ALK4
RSK4,454,Q9UK32,RSK4
SGK496,449,Q6XUX3,DSTYK
IRAK1,444,P51617,IRAK1
JNK3,440,P53779,JNK3
PKACb,437,P22694,PKACB
PKD3,436,O94806,PRKD3
ACK,435,Q07912,TNK2
CaMK2b,426,Q13554,CAMK2B
MNK2,424,Q9HBH9,MNK2
MARK1,424,Q9P0L2,MARK1
DYRK4,423,Q9NR20,DYRK4
TLK2,420,Q86UE8,TLK2
IRAK4,418,Q9NWZ3,IRAK4
TAO1,418,Q7L7X3,TAO1
TSSK2,418,Q96PF2,TSSK2
MARK3,412,P27448,MARK3
MAPKAPK2,390,P49137,MAPKAPK2
BUBR1,384,O60566,BUB1B
CGK2,383,Q13237,PKG2
CDK2/CycA2,381,P24941,CDK2
PKCt,378,Q04759,PKCT
PKCa,378,P17252,PKCA
ULK3,372,Q6PHR2,ULK3
BMPR1B,361,O00238,BMPR1B
NEK11,358,Q8NG66,NEK11
CK1e,351,P49674,CK1E
DAPK1,349,P53355,DAPK1
SGK1,348,O00141,SGK1
CK1g2,341,P78368,CK1G2
CSK,338,P41240,CSK
LATS2,332,Q9NRM7,LATS2
FAK,329,Q05397,PTK2
ALK2,329,Q04771,ALK2
RSK2,327,P51812,RSK2
WNK3,325,Q9BYP7,WNK3
CAMKK1,319,Q8N5S9,CAMKK1
GPRK5,313,P34947,GRK5
PKD1,304,Q15139,PRKD1
DYRK1A,301,Q13627,DYRK1A
PKCb1,299,P05771,PKCB
AKT2,297,P31751,AKT2
ROCK2,296,O75116,ROCK2
TGFbR1,296,P36897,TGFBR1
AKT1,294,P31749,AKT1
MSK2,287,O75676,MSK2
TYK2,286,P29597,TYK2
GPRK7,284,Q8WTQ7,GRK7
NuaK2,284,Q9H093,NUAK2
PKN1,284,Q16512,PKN1
ROCK1,279,Q13464,ROCK1
WNK1,271,Q9H4A3,WNK1
JAK1,271,P23458,JAK1
skMLCK,267,Q9H1R3,SKMLCK
BARK1,267,P25098,GRK2
ICK,266,Q9UPZ9,ICK
PKCb2,263,P05771-2,
CDK2/cycE1,263,P24941,CDK2
PBK,260,Q96KB5,PBK
GSK3b,260,P49841,GSK3B
SGK2,259,Q9HBY8,SGK2
WNK2,258,Q9Y3S1,WNK2
AKT3,257,Q9Y243,AKT3
AMPKa1/b1/g1,255,Q13131,AMPKA1
CK1g1,252,Q9HCP0,CK1G1
PDGFRa[T674I],249,,
CaMK4,244,Q16566,CAMK4
PKCg,244,P05129,PKCG
AMPKa2/b1/g1,242,P54646,AMPKA2
WEE1,240,P30291,WEE1
LATS1,236,O95835,LATS1
PKD2,236,Q9BZL6,PRKD2
LKB1,235,Q15831,LKB1
CK1g3,231,Q9Y6M4,CK1G3
PKCh,229,P24723,PKCH
PLK4,227,O00444,PLK4
CDK3/CycE1,226,Q00526,CDK3
CDK6/CycD3,223,Q00534,CDK6
CDK9/CycT1,222,P50750,CDK9
PRKX,222,P51817,PRKX
DCLK1,220,O15075,DCAMKL1
SLK,219,Q9H2G2,SLK
PKG1a,217,Q13976,PKG1
MAP2K2,213,P36507,MEK2
PKCz,210,Q05513,PKCZ
CAMKK2,209,Q96RR4,CAMKK2
CDK9/Cyclin K,206,P50750,CDK9
EEF2K,203,O00418,EEF2K
BRAF[V600E],195,,
MOK,193,Q9UQ07,MOK
MELK,192,Q14680,MELK
PKG1b,188,Q13976-2,
NDR1,182,Q15208,NDR1
TESK1,181,Q15569,TESK1
NuaK1,177,O60285,NUAK1
NDR2,175,Q9Y2H1,NDR2
PAK6,175,Q9NQU5,PAK6
KIT[V560G],172,,
PKCi,172,P41743,PKCI
Erk7,170,Q8TD08,ERK7
ACTR2,164,P27037,ACVR2A
PIM2,163,Q9P1W9,PIM2
OSR1,162,O95747,OSR1
HIPK4,159,Q8NE63,HIPK4
CHK2,158,O96017,CHK2
MAP3K2,157,Q9Y2U5,MEKK2
CK1a,157,P48729,CK1A
CLK1,157,P49759,CLK1
PHKG1,156,Q16816,PHKG1
PAK5,155,Q9P286,PAK5
MAP2K1,146,Q02750,MEK1
CLK3,145,P49761,CLK3
HIPK2,145,Q9H2X6,HIPK2
PEK,144,Q9NZJ5,PERK
MOS,144,P00540,MOS
COT,140,P41279,COT
p70S6Kb,138,Q9UBS0,P70S6KB
MAP2K4,138,P45985,MAP2K4
LIMK2,137,P53671,LIMK2
CK2a1,135,P68400,CK2A1
BRSK2,133,Q8IWQ3,BRSK2
CaMK1d,131,Q8IU85,CAMK1D
Haspin,126,Q8TF76,HASPIN
HIPK1,125,Q86Z02,HIPK1
SPHK2,123,Q9NRA0,
PKCe,122,Q02156,PKCE
STLK3,120,Q9UEW8,STLK3
MAP2K5,116,Q13163,MEK5
MPSK1,116,O75716,MPSK1
PKN2,112,Q16513,PKN2
PAK4,111,O96013,PAK4
MRCKb,109,Q9Y5S2,MRCKB
HIPK3,109,Q9H422,HIPK3
MAP2K7,101,O14733,MAP2K7
MAP3K5,96,Q99683,ASK1
HRI,96,Q9BQI3,HRI
STK33,95,Q9BYT3,STK33
MAP3K3,94,Q99759,MEKK3
PKCd,94,Q05655,PKCD
CDK7/CycH/MAT1,93,P50613,CDK7
MAP2K3,92,P46734,MAP2K3
CaMK1a,92,Q14012,CAMK1A
GSK3a,90,P49840,GSK3A
RHOK,89,Q15835,GRK1
CDK8/CycC,88,P49336,CDK8
BMPR2,87,Q13873,BMPR2
CDC7/ASK,84,P50613,CDK7
PLK2,83,Q9NYY3,PLK2
BRSK1,80,Q8TDC3,BRSK1
LOK,79,O94804,LOK
DDR1,79,Q08345,DDR1
MAP2K6,78,P52564,MAP2K6
BUB1,78,O43683,BUB1
RIPK2,75,O43353,RIPK2
PASK,75,Q96RG2,PASK
TNNI3K,74,Q59H18,TNNI3K
CDK4/CYclin D1,72,P11802,CDK4
DYRK1B,68,Q9Y463,DYRK1B
PIK3CG/PIK3R5,68,P48736,
PKACg,67,P22612,PKACG
PDHK1,67,Q15118,PDHK1
BMPR1A,66,P36894,BMPR1A
CDK6/Cyclin D1,66,Q00534,CDK6
PDHK3,62,Q15120,PDK3
MSSK1,61,Q9UPE1,SRPK3
CLK2,60,P49760,CLK2
LRRK2,59,Q5S007,LRRK2
ROR2,58,Q01974,ROR2
SRPK2,56,P78362,SRPK2
FRAP,56,P42345,MTOR
MYT1,54,Q99640,PKMYT1
CDK4/CycD3,52,P11802,CDK4
GCN2,52,Q9P2K8,GCN2
ErbB2,51,P04626,ERBB2
CaMK1b,51,Q6P2M8,CAMK1B
MAST2,48,Q6P0Q8,MAST2
smMLCK,44,Q15746,SMMLCK
ROR1,43,Q01973,ROR1
GAK/cycG1,42,O14976,GAK
NIK,41,Q99558,NIK
PKR,38,P19525,PKR
DAPK3,38,O43293,DAPK3
VRK2,37,Q86Y07,VRK2
VRK1,36,Q99986,VRK1
CLK4,36,Q9HAZ1,CLK4
LZK,36,O43283,MAP3K13
PIK3CG,36,P48736,
TTK,30,P33981,TTK
WNK4,30,Q96J92,WNK4
ALK1,29,P37023,ACVRL1
MRCKa,27,Q5VT25,MRCKA
DMPK1,24,Q09013,DMPK1
BRAF,22,P15056,BRAF
DLK,21,Q12852,DLK
DAPK2,20,Q9UIK4,DAPK2
PIK4CA,19,P42356,
CDK11/CycC,18,Q9BWU1,CDK19
ACTR2B,18,Q13705,ACVR2B
PDHK2,17,Q15119,
CRK7/cycL1,15,Q9NYV4,CDK12
BARK2,13,P35626,GRK3
MAP3K4,13,Q9Y6R4,MAP3K4
PDHK4,13,Q16654,PDHK4
MNK1,13,Q9BUB5,MNK1
SRPK1,12,Q96SB4,SRPK1
PIP5K1C,12,O60331,
PIK3CB/PIK3R1,11,P42338,
PCTAIRE1,11,Q00536,CDK16
LRRK2[G2019S],11,,
RAF1,8,P04049,RAF1
TESK2,8,Q96S53,TESK2
DRAK2,7,O94768,STK17B
PIK3C3,7,Q8NEB9,
PIP4K2B,7,P78356,
CRIK,6,O14578,CRIK
PKN3,6,Q6P5Z2,PKN3
SPHK1,4,Q9NYA1,
PIK3CD/PIK3R1,3,O00329,
PFTAIRE1/cycD3,2,O94921,CDK14
PRPK,2,Q96S44,PRPK